first_name,last_name,send_from,email_template,contact
Pqwlxqcu,Suwp,mshbyhd@email.com,template4,4650485806
Sxxwtid,Jhfwyzf,kkyazlf@email.com,template1,2314630341
Lhwt,Uyhq,lyjbadv@email.com,template1,6781410410
Xznkatd,Apakoo,rpbpjik@email.com,template4,8812720809
Etbektdy,Ifvbo,ireivrz@email.com,template3,7089901937
Wcau,Trurfmv,jxadcdd@email.com,template3,5112163164
Fnqbp,Zidorig,gdojqlh@email.com,template1,2281675998
Xnrvrlvo,Njesllyw,xwolduu@email.com,template5,9044810401
Epyplqgaf,Zvkc,ixckhka@email.com,template5,4701538065
Vcmgz,Reme,giboxsg@email.com,template2,9923927425
Mhwy,Ugwqoas,qnjybjb@email.com,template4,7997754617
Rdyry,Ynarywec,zrfyiff@email.com,template4,4065096452
Lrrl,Uxalrkh,dxcwzze@email.com,template1,4970189756
Dsdq,Ixqsxy,llddahy@email.com,template1,8745569674
Pfrrep,Xvihkyxrf,rsootff@email.com,template4,7028126589
Vrwx,Mouyzmq,ubgkymb@email.com,template1,4871431338
Qcka,Pjkkxcoom,iixcync@email.com,template2,6895344932
Dbkwadt,Zyxumwqi,qlvmixv@email.com,template3,2500994387
Sdlpo,Zaxxrrxyy,amrzvml@email.com,template1,76006092
Qvgndllpe,Mlaq,loeaspt@email.com,template1,1492494810
Pitvpbr,Qkha,xpwyrdy@email.com,template3,7794756930
Awjzbgy,Dhebapfr,cevpjgu@email.com,template4,3270882308
Dgdvvsz,Xkrpf,fenkryt@email.com,template2,1216531696
Bkytg,Eauxudbf,kqtpzwm@email.com,template1,5022197109
Tyjok,Rlkv,ogqkmzx@email.com,template1,8452177206
Lrit,Ojiq,ylxuuip@email.com,template2,7632795562
Exjt,Edowwde,hvlhwzs@email.com,template4,7822000128
Ekwmeh,Gekljkc,pnzbbhe@email.com,template1,7742231769
Gglbsr,Pjtptcg,ydfibrc@email.com,template1,1841352315
Vmizs,Shrlz,icmrdhg@email.com,template2,3742913749
Yufy,Ejufxua,byzacav@email.com,template2,6080103023
Hjiifgaa,Kpfh,paqpgco@email.com,template4,3374432487
Ufjgzuzek,Tffl,ipvkfrf@email.com,template2,1389322430
Sadtbvuxf,Gsgkqvw,nrnjuxq@email.com,template3,5574036518
Hnabx,Azcljgwmv,uqtslga@email.com,template1,17137308
Aykrkuswk,Dbjy,gjpjluu@email.com,template4,6290218087
Sompbm,Adkeetts,pgtplov@email.com,template5,1834941253
Tflkyl,Hibdg,phkslpe@email.com,template4,5225360388
Mbcu,Ylfpg,miagmbn@email.com,template1,8332303682
Tysh,Wzaxuzt,okwcyct@email.com,template1,8805703778
Fgpk,Xdqq,mxzegcg@email.com,template1,8615927529
Vbwb,Rlgtpxdyh,mazdlbh@email.com,template5,3386154589
Wjvcgt,Lgnjmdg,brunnme@email.com,template4,8986120163
Hnpimxaxe,Gfala,decgenb@email.com,template2,8713343368
Dqadvoeo,Mxomrct,pupzbvn@email.com,template1,2950022412
Rupod,Wmrye,gblhnzi@email.com,template4,9315984243
Oxtzr,Cfdryx,xulubog@email.com,template1,9212117895
Tpwopge,Eduryryf,qcchhvj@email.com,template5,5699547660
Wcpoy,Lqzhnf,kalabzz@email.com,template3,7252818665
Itbun,Qfkcl,whnvldj@email.com,template2,9558937683
Gekwme,Dyeq,iyxhslq@email.com,template4,2897447280
Bywvsge,Fjfjegfw,nsjwuba@email.com,template5,5118499620
Xojjavo,Mxemmotb,sgiojsi@email.com,template4,4335927327
Wnghg,Mgvuyo,kormilh@email.com,template5,245042682
Vapvldw,Ttve,cuuteux@email.com,template5,368242837
Ckteprn,Fcluu,suxizel@email.com,template1,7026742788
Yvjjwg,Gsvcvibq,jarbyxr@email.com,template1,8277188886
Utitwokoc,Fbvy,jvztgac@email.com,template2,5272368151
Lyzbfjpo,Bbqygc,sjtuihv@email.com,template5,8660707293
Oami,Kffudswz,owpdlqz@email.com,template4,1210245130
Leltfhl,Wehjithru,tsmsfte@email.com,template2,9493581421
Utdm,Lmzw,enjmmit@email.com,template4,3196672840
Bfreuwla,Uruktah,sjurmzh@email.com,template1,1798856524
Yivdikb,Muzhrqh,ymnmrms@email.com,template3,1829653119
Sbwxdlduo,Ifkadai,eccmsch@email.com,template1,30542746
Ciklg,Kityrmnos,jiumzes@email.com,template4,5446223813
Erebi,Mchz,eubkwfk@email.com,template5,4751505029
Kyzfszua,Ipafqy,saulptg@email.com,template4,7753734858
Usoszaptt,Zmevebv,hjnkgjd@email.com,template1,1921240754
Hbzyn,Fkybtufe,djesphz@email.com,template3,7949869468
Vzndsmmc,Mjfbruv,ihmzfbk@email.com,template1,1489424668
Ynxaed,Xekpaloy,bgxuzpg@email.com,template5,6267396098
Yorhpafa,Rnzcpt,dqhifhl@email.com,template2,7054386025
Avswt,Feitccwf,ldxwvvy@email.com,template2,7382644163
Urjbyjtvy,Jafxjwbvv,mteeazf@email.com,template2,5571718486
Yveh,Ejetrjou,fvodste@email.com,template3,9251514389
Shicyays,Tfcssnnm,sbdeoob@email.com,template4,1183927316
Wbugqok,Qaiivx,wbjsjrq@email.com,template2,1105409802
Naiphbzpk,Anejlw,jhtsvxd@email.com,template4,2492239803
Pcotgus,Debat,yfofttn@email.com,template4,9722164364
Tbcvprl,Rpiedx,vdztlsh@email.com,template3,4897495752
Vken,Ibitvj,oqgujts@email.com,template4,6054751672
Euctmlvf,Ugantm,ixusvlq@email.com,template5,7903576114
Aicwh,Eyzq,xrwaeja@email.com,template2,4787248844
Srznrz,Asgcn,kbiliro@email.com,template4,4951713634
Ltmybjlud,Ltjqml,ckuplwx@email.com,template4,886926346
Jljn,Nucttpk,purbryz@email.com,template4,9829046056
Bdcypil,Jxia,xedfylf@email.com,template4,9901265642
Xfsbsf,Fvfib,kkragir@email.com,template4,1073857006
Ppjtjxa,Xjrijijfe,qhmdasu@email.com,template4,7726096056
Zsywt,Dcsicqhal,jjylvmy@email.com,template5,218711471
Bmosddjk,Grrjib,gxdfkak@email.com,template2,5251499243
Qfnikdv,Pvjpp,wjmwggp@email.com,template4,4514309418
Cualtt,Jrjwhachw,vlvlovk@email.com,template4,1669701674
Lfkhnwgn,Jgebz,okhgflm@email.com,template2,9218570144
Pktzq,Kzbtjfq,rhbrpnp@email.com,template1,8279926894
Bqofy,Dsmd,mzbcfha@email.com,template2,9916161537
Zzxip,Vrnfqqvag,tuqlieo@email.com,template1,4615653833
Uxub,Urbvoqvkb,geiwccb@email.com,template1,8192053255
Mzor,Grje,cqhkctw@email.com,template4,4138693247
Lpiuyb,Ppekrk,prpotgx@email.com,template2,4701556091
Ktjvaulk,Qcipqix,genbput@email.com,template3,7455375820
Uithlzrsb,Izokheck,mmohegi@email.com,template4,6162308162
Scmgi,Yrstar,lrqxejj@email.com,template1,2522357755
Jkrh,Doew,sykbtzx@email.com,template4,589435020
Jndt,Lhnlofzl,ekqjfty@email.com,template1,420149150
Ukatzlwch,Apryisx,pdkksnp@email.com,template2,9143709756
Agidzzabt,Rfmikmeh,jdehgzw@email.com,template4,4824235626
Werpaesq,Lilkn,awimnsj@email.com,template2,3499088351
Qhcpbg,Vhon,dtybvuo@email.com,template3,7255120525
Iolrws,Ikhqfuq,aqkkejw@email.com,template2,980856622
Tuhny,Sjldlynw,asavffd@email.com,template2,911922303
Fdklseywj,Opinea,jilxlqt@email.com,template2,5928639706
Lccqs,Emap,lwkdnuu@email.com,template4,7798968088
Plyi,Aclsdhlx,rbydrjg@email.com,template2,1195008880
Uzgxcrro,Ztvimimk,ewedqpr@email.com,template2,7037416642
Tnyxfdvbn,Nscbfbes,cyhides@email.com,template1,9409597911
Gkoszg,Uafntu,gjqfiyk@email.com,template5,5757545042
Ismtqor,Hzkzefao,sxmlvlw@email.com,template1,4045079595
Ktxyp,Ekha,epfjwej@email.com,template3,9610510650
Yfykrfhbl,Xmmp,erwfgcy@email.com,template1,2546135458
Wtasllg,Dmwsrmwdg,giwoofq@email.com,template5,5197530374
Zbqihbkrs,Lpabdop,oonqxhc@email.com,template5,9967033406
Lwwka,Vfcftegp,ciurtnm@email.com,template5,8061061247
Tppqk,Otiss,avrlujf@email.com,template1,2712644967
Gxdfdq,Qogiso,ycuxiou@email.com,template5,2820511055
Azjufieyt,Jangb,rnoljno@email.com,template3,5399232579
Euzjdrhqp,Qpmtlw,epehqsh@email.com,template3,3063336962
Jlqmtcjmf,Xlwi,kmvvfrn@email.com,template5,1885224388
Wcyjvgk,Gytm,deotskb@email.com,template4,1941386798
Dbtcakv,Nkhy,pqqujlu@email.com,template4,9909552847
Lhjuemuv,Rmdle,tjblmbe@email.com,template5,7059657741
Xsomuhbyt,Zzqckegx,uudtgrc@email.com,template1,4024782017
Hdsexqell,Xrxhi,rajswvm@email.com,template5,2427834748
Upfbejwwq,Hkmlixed,vcuznsh@email.com,template4,7012294219
Btclhd,Bwefgjtqo,otqbewy@email.com,template3,7810066220
Tberpyb,Idzbaheod,jgkyzzf@email.com,template4,9259426941
Dgakmkyb,Vyoo,qzsyzrk@email.com,template5,2574110011
Pere,Hudviqaic,fogacuu@email.com,template3,9955171158
Khnhnmtt,Rtkkrpcat,vpshmhz@email.com,template2,864412281
Leetilvq,Vlpntvt,oteovao@email.com,template3,4746683885
Obulmfo,Mlgepg,tlfgyms@email.com,template5,883807737
Jkedqpebo,Asalwmup,higvnzi@email.com,template3,4243916421
Gobbzaalg,Gxruou,xrhqjfn@email.com,template4,4338827064
Cnufysxv,Qwkfkfsz,cihjpcj@email.com,template4,6176277674
Koag,Hzprrj,vnyduwt@email.com,template3,7710954769
Pzijd,Htsmblrec,rhmiury@email.com,template3,3055242361
Kwqx,Whubvhjos,nwdgizo@email.com,template4,1208605888
Mcsa,Vqgyorvt,hmdhoft@email.com,template3,9531007771
Xifa,Fudih,jjxeneu@email.com,template4,9038953742