send_to,first_name,last_name,send_from,email_template,contact
wbstnvn@email.com,Pqwlxqcu,Suwp,mshbyhd@email.com,template4,4650485806
tkrvifv@email.com,Sxxwtid,Jhfwyzf,kkyazlf@email.com,template1,2314630341
llctjii@email.com,Lhwt,Uyhq,lyjbadv@email.com,template1,6781410410
cwcfsbf@email.com,Xznkatd,Apakoo,rpbpjik@email.com,template4,8812720809
ivwqqeg@email.com,Etbektdy,Ifvbo,ireivrz@email.com,template3,7089901937
zlivyem@email.com,Wcau,Trurfmv,jxadcdd@email.com,template3,5112163164
qoojmac@email.com,Fnqbp,Zidorig,gdojqlh@email.com,template1,2281675998
qwvcqoj@email.com,Xnrvrlvo,Njesllyw,xwolduu@email.com,template5,9044810401
mpcrhdu@email.com,Epyplqgaf,Zvkc,ixckhka@email.com,template5,4701538065
lxpplbc@email.com,Vcmgz,Reme,giboxsg@email.com,template2,9923927425
onhepvu@email.com,Mhwy,Ugwqoas,qnjybjb@email.com,template4,7997754617
irqigrn@email.com,Rdyry,Ynarywec,zrfyiff@email.com,template4,4065096452
rrcfnlc@email.com,Lrrl,Uxalrkh,dxcwzze@email.com,template1,4970189756
yjvowfw@email.com,Dsdq,Ixqsxy,llddahy@email.com,template1,8745569674
szdhxnf@email.com,Pfrrep,Xvihkyxrf,rsootff@email.com,template4,7028126589
wbxraoi@email.com,Vrwx,Mouyzmq,ubgkymb@email.com,template1,4871431338
osiklwp@email.com,Qcka,Pjkkxcoom,iixcync@email.com,template2,6895344932
fbctkob@email.com,Dbkwadt,Zyxumwqi,qlvmixv@email.com,template3,2500994387
yfzccrp@email.com,Sdlpo,Zaxxrrxyy,amrzvml@email.com,template1,0076006092
wvsbuym@email.com,Qvgndllpe,Mlaq,loeaspt@email.com,template1,1492494810
qgramkn@email.com,Pitvpbr,Qkha,xpwyrdy@email.com,template3,7794756930
abxgesp@email.com,Awjzbgy,Dhebapfr,cevpjgu@email.com,template4,3270882308
ayvyetm@email.com,Dgdvvsz,Xkrpf,fenkryt@email.com,template2,1216531696
awnyiaj@email.com,Bkytg,Eauxudbf,kqtpzwm@email.com,template1,5022197109
ihmqytg@email.com,Tyjok,Rlkv,ogqkmzx@email.com,template1,8452177206
wngdesj@email.com,Lrit,Ojiq,ylxuuip@email.com,template2,7632795562
qztrwye@email.com,Exjt,Edowwde,hvlhwzs@email.com,template4,7822000128
kxdzixn@email.com,Ekwmeh,Gekljkc,pnzbbhe@email.com,template1,7742231769
qlssnun@email.com,Gglbsr,Pjtptcg,ydfibrc@email.com,template1,1841352315
ghjzned@email.com,Vmizs,Shrlz,icmrdhg@email.com,template2,3742913749
lnjheyr@email.com,Yufy,Ejufxua,byzacav@email.com,template2,6080103023
uhbbiud@email.com,Hjiifgaa,Kpfh,paqpgco@email.com,template4,3374432487
wvmsbfx@email.com,Ufjgzuzek,Tffl,ipvkfrf@email.com,template2,1389322430
pqybvwb@email.com,Sadtbvuxf,Gsgkqvw,nrnjuxq@email.com,template3,5574036518
yvjyvaz@email.com,Hnabx,Azcljgwmv,uqtslga@email.com,template1,0017137308
oaywvgg@email.com,Aykrkuswk,Dbjy,gjpjluu@email.com,template4,6290218087
kzjxqlk@email.com,Sompbm,Adkeetts,pgtplov@email.com,template5,1834941253
shvztvv@email.com,Tflkyl,Hibdg,phkslpe@email.com,template4,5225360388
azklyns@email.com,Mbcu,Ylfpg,miagmbn@email.com,template1,8332303682
lhderho@email.com,Tysh,Wzaxuzt,okwcyct@email.com,template1,8805703778
wyxmgfk@email.com,Fgpk,Xdqq,mxzegcg@email.com,template1,8615927529
qjajnhz@email.com,Vbwb,Rlgtpxdyh,mazdlbh@email.com,template5,3386154589
gcmylfj@email.com,Wjvcgt,Lgnjmdg,brunnme@email.com,template4,8986120163
hepelva@email.com,Hnpimxaxe,Gfala,decgenb@email.com,template2,8713343368
aivxlke@email.com,Dqadvoeo,Mxomrct,pupzbvn@email.com,template1,2950022412
qhksfhl@email.com,Rupod,Wmrye,gblhnzi@email.com,template4,9315984243
ikiibti@email.com,Oxtzr,Cfdryx,xulubog@email.com,template1,9212117895
ftibivr@email.com,Tpwopge,Eduryryf,qcchhvj@email.com,template5,5699547660
qltbbyt@email.com,Wcpoy,Lqzhnf,kalabzz@email.com,template3,7252818665
ulpsmsg@email.com,Itbun,Qfkcl,whnvldj@email.com,template2,9558937683
fajgpmd@email.com,Gekwme,Dyeq,iyxhslq@email.com,template4,2897447280
hifcxwq@email.com,Bywvsge,Fjfjegfw,nsjwuba@email.com,template5,5118499620
pdetvvq@email.com,Xojjavo,Mxemmotb,sgiojsi@email.com,template4,4335927327
dqykuqg@email.com,Wnghg,Mgvuyo,kormilh@email.com,template5,0245042682
lyvkmki@email.com,Vapvldw,Ttve,cuuteux@email.com,template5,0368242837
bmqjmec@email.com,Ckteprn,Fcluu,suxizel@email.com,template1,7026742788
dnbhlii@email.com,Yvjjwg,Gsvcvibq,jarbyxr@email.com,template1,8277188886
uxbhpkj@email.com,Utitwokoc,Fbvy,jvztgac@email.com,template2,5272368151
owqrxbs@email.com,Lyzbfjpo,Bbqygc,sjtuihv@email.com,template5,8660707293
svkwfrw@email.com,Oami,Kffudswz,owpdlqz@email.com,template4,1210245130
npwsfrf@email.com,Leltfhl,Wehjithru,tsmsfte@email.com,template2,9493581421
zeholnt@email.com,Utdm,Lmzw,enjmmit@email.com,template4,3196672840
ouiliue@email.com,Bfreuwla,Uruktah,sjurmzh@email.com,template1,1798856524
awpmlqi@email.com,Yivdikb,Muzhrqh,ymnmrms@email.com,template3,1829653119
htknndw@email.com,Sbwxdlduo,Ifkadai,eccmsch@email.com,template1,0030542746
acykmuq@email.com,Ciklg,Kityrmnos,jiumzes@email.com,template4,5446223813
hjxztwt@email.com,Erebi,Mchz,eubkwfk@email.com,template5,4751505029
admlmei@email.com,Kyzfszua,Ipafqy,saulptg@email.com,template4,7753734858
rwlcodm@email.com,Usoszaptt,Zmevebv,hjnkgjd@email.com,template1,1921240754
ymvrbcg@email.com,Hbzyn,Fkybtufe,djesphz@email.com,template3,7949869468
eqdkxzg@email.com,Vzndsmmc,Mjfbruv,ihmzfbk@email.com,template1,1489424668
itpbmse@email.com,Ynxaed,Xekpaloy,bgxuzpg@email.com,template5,6267396098
vuputpu@email.com,Yorhpafa,Rnzcpt,dqhifhl@email.com,template2,7054386025
viunqcl@email.com,Avswt,Feitccwf,ldxwvvy@email.com,template2,7382644163
aplqowr@email.com,Urjbyjtvy,Jafxjwbvv,mteeazf@email.com,template2,5571718486
liuownt@email.com,Yveh,Ejetrjou,fvodste@email.com,template3,9251514389
owmlkwa@email.com,Shicyays,Tfcssnnm,sbdeoob@email.com,template4,1183927316
pqzrxgg@email.com,Wbugqok,Qaiivx,wbjsjrq@email.com,template2,1105409802
mtozufj@email.com,Naiphbzpk,Anejlw,jhtsvxd@email.com,template4,2492239803
dlmgdss@email.com,Pcotgus,Debat,yfofttn@email.com,template4,9722164364
hsholno@email.com,Tbcvprl,Rpiedx,vdztlsh@email.com,template3,4897495752
guxwaez@email.com,Vken,Ibitvj,oqgujts@email.com,template4,6054751672
zunmdxq@email.com,Euctmlvf,Ugantm,ixusvlq@email.com,template5,7903576114
cesvoef@email.com,Aicwh,Eyzq,xrwaeja@email.com,template2,4787248844
fpmkecb@email.com,Srznrz,Asgcn,kbiliro@email.com,template4,4951713634
oeqdraz@email.com,Ltmybjlud,Ltjqml,ckuplwx@email.com,template4,0886926346
aywmijx@email.com,Jljn,Nucttpk,purbryz@email.com,template4,9829046056
ybvzxfr@email.com,Bdcypil,Jxia,xedfylf@email.com,template4,9901265642
agsyftb@email.com,Xfsbsf,Fvfib,kkragir@email.com,template4,1073857006
gtauzzw@email.com,Ppjtjxa,Xjrijijfe,qhmdasu@email.com,template4,7726096056
lbbiekk@email.com,Zsywt,Dcsicqhal,jjylvmy@email.com,template5,0218711471
qikajuo@email.com,Bmosddjk,Grrjib,gxdfkak@email.com,template2,5251499243
zmdeqap@email.com,Qfnikdv,Pvjpp,wjmwggp@email.com,template4,4514309418
lqtwdlq@email.com,Cualtt,Jrjwhachw,vlvlovk@email.com,template4,1669701674
vbhqczo@email.com,Lfkhnwgn,Jgebz,okhgflm@email.com,template2,9218570144
jjvcaky@email.com,Pktzq,Kzbtjfq,rhbrpnp@email.com,template1,8279926894
fqexmvj@email.com,Bqofy,Dsmd,mzbcfha@email.com,template2,9916161537
bwjtrta@email.com,Zzxip,Vrnfqqvag,tuqlieo@email.com,template1,4615653833
xidglyn@email.com,Uxub,Urbvoqvkb,geiwccb@email.com,template1,8192053255
xzxwmyq@email.com,Mzor,Grje,cqhkctw@email.com,template4,4138693247
umthwvg@email.com,Lpiuyb,Ppekrk,prpotgx@email.com,template2,4701556091
quiueox@email.com,Ktjvaulk,Qcipqix,genbput@email.com,template3,7455375820
goyqwrx@email.com,Uithlzrsb,Izokheck,mmohegi@email.com,template4,6162308162
hhujpzm@email.com,Scmgi,Yrstar,lrqxejj@email.com,template1,2522357755
uhitzhc@email.com,Jkrh,Doew,sykbtzx@email.com,template4,0589435020
jnbrfff@email.com,Jndt,Lhnlofzl,ekqjfty@email.com,template1,0420149150
kyuugbd@email.com,Ukatzlwch,Apryisx,pdkksnp@email.com,template2,9143709756
vmevsyj@email.com,Agidzzabt,Rfmikmeh,jdehgzw@email.com,template4,4824235626
njehmag@email.com,Werpaesq,Lilkn,awimnsj@email.com,template2,3499088351
wycpqql@email.com,Qhcpbg,Vhon,dtybvuo@email.com,template3,7255120525
kcrkxas@email.com,Iolrws,Ikhqfuq,aqkkejw@email.com,template2,0980856622
mcqfipy@email.com,Tuhny,Sjldlynw,asavffd@email.com,template2,0911922303
hduyihd@email.com,Fdklseywj,Opinea,jilxlqt@email.com,template2,5928639706
skvevcj@email.com,Lccqs,Emap,lwkdnuu@email.com,template4,7798968088
qqcyoss@email.com,Plyi,Aclsdhlx,rbydrjg@email.com,template2,1195008880
qizogff@email.com,Uzgxcrro,Ztvimimk,ewedqpr@email.com,template2,7037416642
bzlbken@email.com,Tnyxfdvbn,Nscbfbes,cyhides@email.com,template1,9409597911
fekqfhr@email.com,Gkoszg,Uafntu,gjqfiyk@email.com,template5,5757545042
zsfdoas@email.com,Ismtqor,Hzkzefao,sxmlvlw@email.com,template1,4045079595
mhmtzgr@email.com,Ktxyp,Ekha,epfjwej@email.com,template3,9610510650
uouczmm@email.com,Yfykrfhbl,Xmmp,erwfgcy@email.com,template1,2546135458
uhluycc@email.com,Wtasllg,Dmwsrmwdg,giwoofq@email.com,template5,5197530374
ohjeyof@email.com,Zbqihbkrs,Lpabdop,oonqxhc@email.com,template5,9967033406
casufmy@email.com,Lwwka,Vfcftegp,ciurtnm@email.com,template5,8061061247
livyrcy@email.com,Tppqk,Otiss,avrlujf@email.com,template1,2712644967
imwycsh@email.com,Gxdfdq,Qogiso,ycuxiou@email.com,template5,2820511055
fnjtarj@email.com,Azjufieyt,Jangb,rnoljno@email.com,template3,5399232579
arcsiih@email.com,Euzjdrhqp,Qpmtlw,epehqsh@email.com,template3,3063336962
cmmmjiv@email.com,Jlqmtcjmf,Xlwi,kmvvfrn@email.com,template5,1885224388
vtvjyor@email.com,Wcyjvgk,Gytm,deotskb@email.com,template4,1941386798
nrepwwj@email.com,Dbtcakv,Nkhy,pqqujlu@email.com,template4,9909552847
dgsdydn@email.com,Lhjuemuv,Rmdle,tjblmbe@email.com,template5,7059657741
tprqycd@email.com,Xsomuhbyt,Zzqckegx,uudtgrc@email.com,template1,4024782017
elfkcay@email.com,Hdsexqell,Xrxhi,rajswvm@email.com,template5,2427834748
tpwypho@email.com,Upfbejwwq,Hkmlixed,vcuznsh@email.com,template4,7012294219
gygfeqi@email.com,Btclhd,Bwefgjtqo,otqbewy@email.com,template3,7810066220
yyoiomf@email.com,Tberpyb,Idzbaheod,jgkyzzf@email.com,template4,9259426941
hxzawjv@email.com,Dgakmkyb,Vyoo,qzsyzrk@email.com,template5,2574110011
dxbtvou@email.com,Pere,Hudviqaic,fogacuu@email.com,template3,9955171158
zlmzous@email.com,Khnhnmtt,Rtkkrpcat,vpshmhz@email.com,template2,0864412281
jropzff@email.com,Leetilvq,Vlpntvt,oteovao@email.com,template3,4746683885
qugicir@email.com,Obulmfo,Mlgepg,tlfgyms@email.com,template5,0883807737
zhcggnh@email.com,Jkedqpebo,Asalwmup,higvnzi@email.com,template3,4243916421
kuthbvo@email.com,Gobbzaalg,Gxruou,xrhqjfn@email.com,template4,4338827064
olylztn@email.com,Cnufysxv,Qwkfkfsz,cihjpcj@email.com,template4,6176277674
jkyhsww@email.com,Koag,Hzprrj,vnyduwt@email.com,template3,7710954769
zvyjdku@email.com,Pzijd,Htsmblrec,rhmiury@email.com,template3,3055242361
mvuvhwn@email.com,Kwqx,Whubvhjos,nwdgizo@email.com,template4,1208605888
iczplpo@email.com,Mcsa,Vqgyorvt,hmdhoft@email.com,template3,9531007771
vmowrfm@email.com,Xifa,Fudih,jjxeneu@email.com,template4,9038953742
